Day,Date,Test,Status,Comments,Change Log,Mode
Friday,7 June 2024,MPC Development,,,,Active
Saturday,8 June 2024,MPC Development,,,,Inactive
Sunday,9 June 2024,MPC Development,,,,Baseline
Monday,10 June 2024,MPC Development,,,,Baseline
Tuesday,11 June 2024,MPC Development,,,,Baseline
Wednesday,12 June 2024,MPC Development,,,,Baseline
Thursday,13 June 2024,MPC Development,,,,Baseline
Friday,14 June 2024,MPC Development,,,,Baseline
Saturday,15 June 2024,MPC Development,,,,Baseline
Sunday,16 June 2024,MPC Development,,,,Active
Monday,17 June 2024,MPC Development,,,,Baseline
Tuesday,18 June 2024,MPC Development,,,,Baseline
Wednesday,19 June 2024,MPC Development,,,,Baseline
Thursday,20 June 2024,MPC Development,,,,Baseline
Friday,21 June 2024,MPC Development,,,,Baseline
Saturday,22 June 2024,MPC Development,,,,Baseline
Sunday,23 June 2024,MPC Development,,,,Active
Monday,24 June 2024,MPC Development,,,,Baseline
Tuesday,25 June 2024,MPC Development,,,,Baseline
Wednesday,26 June 2024,MPC Development,,,,Baseline
Thursday,27 June 2024,MPC Development,,,,Baseline
Friday,28 June 2024,MPC Development,,,,Baseline
Saturday,29 June 2024,MPC Development,,,,Baseline
Sunday,30 June 2024,MPC Development,,,,Active
Monday,1 July 2024,MPC Development,,,,Baseline
Tuesday,2 July 2024,MPC Development,,,,Baseline
Wednesday,3 July 2024,MPC Development,,,,Baseline
Thursday,4 July 2024,MPC Development,,,,Baseline
Friday,5 July 2024,MPC Development,,,,Baseline
Saturday,6 July 2024,MPC Development,,,,Baseline
Sunday,7 July 2024,MPC Development,,,,Active
Monday,8 July 2024,MPC Development,,,,Baseline
Tuesday,9 July 2024,MPC Development,,,,Baseline
Wednesday,10 July 2024,MPC Development,,,,Baseline
Thursday,11 July 2024,MPC Development,,,,Baseline
Friday,12 July 2024,MPC Development,,,,Baseline
Saturday,13 July 2024,MPC Development,,,,Baseline
Sunday,14 July 2024,MPC Development,,,,Baseline
Monday,15 July 2024,MPC Development,,,,Baseline
Tuesday,16 July 2024,MPC Development,,,,Baseline
Wednesday,17 July 2024,MPC Development,,,,Baseline
Thursday,18 July 2024,MPC Development,,,,Baseline
Friday,19 July 2024,MPC Development,,,,Baseline
Saturday,20 July 2024,MPC Development,,,,Baseline
Sunday,21 July 2024,MPC Development,,,,Baseline
Monday,22 July 2024,MPC Development,,,,Baseline
Tuesday,23 July 2024,MPC Development,,,,Baseline
Wednesday,24 July 2024,MPC Development,,,,Baseline
Thursday,25 July 2024,MPC Development,,,,Baseline
Friday,26 July 2024,MPC Development,,,,Baseline
Saturday,27 July 2024,MPC Development,,,,Baseline
Sunday,28 July 2024,MPC Development,,,,Baseline
Monday,29 July 2024,MPC Development,,,,Baseline
Tuesday,30 July 2024,MPC Development,,,,Baseline
Wednesday,31 July 2024,MPC Development,,,,Baseline
Thursday,1 August 2024,MPC Development,,,,Baseline
Friday,2 August 2024,MPC Development,,,,Baseline
Saturday,3 August 2024,MPC Development,,,,Baseline
Sunday,4 August 2024,MPC Development,,,,Baseline
Monday,5 August 2024,MPC Development,,,,Baseline
Tuesday,6 August 2024,MPC Development,,,,Baseline
Wednesday,7 August 2024,MPC Development,,,,Baseline
Thursday,8 August 2024,MPC Development,,,,Baseline
Friday,9 August 2024,MPC Development,,,,Baseline
Saturday,10 August 2024,MPC Development,,,,Baseline
Sunday,11 August 2024,MPC Development,,,,Baseline
Monday,12 August 2024,MPC Development,,,,Baseline
Tuesday,13 August 2024,MPC Development,,,,Baseline
Wednesday,14 August 2024,MPC Development,,,,Baseline
Thursday,15 August 2024,MPC Development,,,,Shadow Mode
Friday,16 August 2024,MPC Development,,,,Shadow Mode
Saturday,17 August 2024,MPC Development,,,,Shadow Mode
Sunday,18 August 2024,MPC Development,,,,MPC
Monday,19 August 2024,MPC Development,,,,MPC
Tuesday,20 August 2024,MPC Development,,,,MPC
Wednesday,21 August 2024,MPC Development,,,,MPC
Thursday,22 August 2024,MPC Development,,,,MPC
Friday,23 August 2024,MPC Development,,,,MPC
Saturday,24 August 2024,MPC Development,,,,MPC
Sunday,25 August 2024,MPC Development,,,,MPC
Monday,26 August 2024,MPC Development,,,,MPC
Tuesday,27 August 2024,MPC Development,,,,Baseline
Wednesday,28 August 2024,MPC Development,,,,Baseline
Thursday,29 August 2024,MPC Development,,,,MPC
Friday,30 August 2024,MPC Development,,,,MPC
Saturday,31 August 2024,MPC Development,,,,MPC
Sunday,1 September 2024,MPC Development,,,,MPC
Monday,2 September 2024,MPC Development,,,,MPC
Tuesday,3 September 2024,MPC Development,,,,Baseline
Wednesday,4 September 2024,MPC Development,,,,MPC
Thursday,5 September 2024,MPC Development,,,,MPC
Friday,6 September 2024,MPC Development,,,,MPC
Saturday,7 September 2024,MPC Development,,,,MPC
Sunday,8 September 2024,MPC Development,,,,MPC
Monday,9 September 2024,MPC Development,,,,MPC
Tuesday,10 September 2024,MPC Development,,,,MPC
Wednesday,11 September 2024,MPC Development,,,,MPC
Thursday,12 September 2024,MPC Development,,,,MPC
Friday,13 September 2024,MPC Development,,,,MPC
Saturday,14 September 2024,MPC Development,,,,MPC
Sunday,15 September 2024,MPC Development,,,,MPC
Monday,16 September 2024,MPC Development,,,,Baseline
Tuesday,17 September 2024,MPC Development,,,,Baseline
Wednesday,18 September 2024,MPC Development,,,,Baseline
Thursday,19 September 2024,MPC Development,,,,Baseline
Friday,20 September 2024,MPC Development,,,,Baseline
Saturday,21 September 2024,MPC Development,,,,Baseline
Sunday,22 September 2024,MPC Development,,,,Baseline
Monday,23 September 2024,MPC Development,,,,MPC
Tuesday,24 September 2024,MPC Development,,,,MPC
Wednesday,25 September 2024,MPC Development,,,,MPC
Thursday,26 September 2024,MPC Development,,,,MPC
Friday,27 September 2024,MPC Development,,,,MPC
Saturday,28 September 2024,MPC Development,,,,Baseline
Sunday,29 September 2024,MPC Development,,,,Baseline
Monday,30 September 2024,MPC Development,,,,Baseline
Tuesday,1 October 2024,MPC Development,,,,Baseline
Wednesday,2 October 2024,MPC Development,,,,Baseline
Thursday,3 October 2024,MPC Development,,,,Baseline
Friday,4 October 2024,MPC Development,,,,Baseline
Saturday,5 October 2024,MPC Development,,,,Baseline
Sunday,6 October 2024,MPC Development,,,,Baseline
Monday,7 October 2024,MPC Development,,,,MPC
Tuesday,8 October 2024,MPC Development,,,,MPC
Wednesday,9 October 2024,MPC Development,,,,MPC
Thursday,10 October 2024,MPC Development,,,,MPC
Friday,11 October 2024,MPC Development,,,,MPC
Saturday,12 October 2024,MPC Development,,,,MPC
Sunday,13 October 2024,MPC Development,,,,MPC
Monday,14 October 2024,MPC Development,,,,Baseline
Tuesday,15 October 2024,MPC Development,,,,Baseline
Wednesday,16 October 2024,MPC Development,,,,Baseline
Thursday,17 October 2024,MPC Development,,,,Baseline
Friday,18 October 2024,MPC Development,,,,Baseline
Saturday,19 October 2024,MPC Development,,,,Baseline
Sunday,20 October 2024,MPC Development,,,,Baseline
Monday,21 October 2024,MPC Development,,,,MPC
Tuesday,22 October 2024,MPC Development,,,,MPC
Wednesday,23 October 2024,MPC Development,,,,MPC
Thursday,24 October 2024,MPC Development,,,,MPC
Friday,25 October 2024,MPC Development,,,,MPC
Saturday,26 October 2024,MPC Development,,,,MPC
Sunday,27 October 2024,MPC Development,,,,MPC
Monday,28 October 2024,MPC Development,,,,Baseline
Tuesday,29 October 2024,MPC Development,,,,Baseline
Wednesday,30 October 2024,MPC Development,,,,Baseline
Thursday,31 October 2024,MPC Development,,,,Baseline
Friday,1 November 2024,MPC Development,,,,Baseline
Saturday,2 November 2024,MPC Development,,,,Baseline
Sunday,3 November 2024,MPC Development,,,,MPC
Monday,4 November 2024,MPC Development,,,,MPC
Tuesday,5 November 2024,MPC Development,,,,MPC
Wednesday,6 November 2024,MPC Development,,,,MPC
Thursday,7 November 2024,MPC Development,,,,MPC
Friday,8 November 2024,MPC Development,,,,MPC
Saturday,9 November 2024,MPC Development,,,,MPC
Sunday,10 November 2024,MPC Development,,,,MPC
Monday,11 November 2024,MPC Development,,,,Baseline
Tuesday,12 November 2024,MPC Development,,,,Baseline
Wednesday,13 November 2024,MPC Development,,,,Baseline
Thursday,14 November 2024,MPC Development,,,,Baseline
Friday,15 November 2024,MPC Development,,,,Baseline
Saturday,16 November 2024,MPC Development,,,,Baseline
Sunday,17 November 2024,MPC Development,,,,Baseline
Monday,18 November 2024,MPC Development,,,,Baseline
Tuesday,19 November 2024,MPC Development,,,,Baseline
Wednesday,20 November 2024,MPC Development,,,,Baseline
Thursday,21 November 2024,MPC Development,,,,Baseline
Friday,22 November 2024,MPC Development,,,,Baseline
Saturday,23 November 2024,MPC Development,,,,Baseline
Sunday,24 November 2024,MPC Development,,,,Baseline
Monday,25 November 2024,MPC Development,,,,Baseline
Tuesday,26 November 2024,MPC Development,,,,Baseline
Wednesday,27 November 2024,MPC Development,,,,Baseline
Thursday,28 November 2024,MPC Development,,,,Baseline
Friday,29 November 2024,MPC Development,,,,Baseline
Saturday,30 November 2024,MPC Development,,,,Baseline
Sunday,1 December 2024,MPC Development,,,,Baseline
Monday,2 December 2024,MPC Development,,,,MPC
Tuesday,3 December 2024,MPC Development,,,,MPC
Wednesday,4 December 2024,MPC Development,,,,MPC
Thursday,5 December 2024,MPC Development,,,,MPC
Friday,6 December 2024,MPC Development,,,,MPC
Saturday,7 December 2024,MPC Development,,,,MPC
Sunday,8 December 2024,MPC Development,,,,MPC
Monday,9 December 2024,MPC Development,,,,Baseline
Tuesday,10 December 2024,MPC Development,,,,Baseline
Wednesday,11 December 2024,MPC Development,,,,Baseline
Thursday,12 December 2024,MPC Development,,,,Baseline
Friday,13 December 2024,MPC Development,,,,Baseline
Saturday,14 December 2024,MPC Development,,,,Baseline
Sunday,15 December 2024,MPC Development,,,,Baseline
Monday,16 December 2024,MPC Development,,,,MPC
Tuesday,17 December 2024,MPC Development,,,,MPC
Wednesday,18 December 2024,MPC Development,,,,MPC
Thursday,19 December 2024,MPC Development,,,,MPC
Friday,20 December 2024,MPC Development,,,,MPC
Saturday,21 December 2024,MPC Development,,,,MPC
Sunday,22 December 2024,MPC Development,,,,MPC
Monday,23 December 2024,MPC Development,,,,Baseline
Tuesday,24 December 2024,MPC Development,,,,Baseline
Wednesday,25 December 2024,MPC Development,,,,Baseline
Thursday,26 December 2024,MPC Development,,,,Baseline
Friday,27 December 2024,MPC Development,,,,Baseline
Saturday,28 December 2024,MPC Development,,,,Baseline
Sunday,29 December 2024,MPC Development,,,,Baseline
Monday,30 December 2024,MPC Development,,,,Baseline
Tuesday,31 December 2024,MPC Development,,,,Baseline
Wednesday,1 January 2025,MPC Development,,,,Baseline
Thursday,2 January 2025,MPC Development,,,,Baseline
Friday,3 January 2025,MPC Development,,,,Baseline
Saturday,4 January 2025,MPC Development,,,,Baseline
Sunday,5 January 2025,MPC Development,,,,MPC
Monday,6 January 2025,MPC Development,,,,MPC
Tuesday,7 January 2025,MPC Development,,,,MPC
Wednesday,8 January 2025,MPC Development,,,,Baseline
Thursday,9 January 2025,MPC Development,,,,Active
Friday,10 January 2025,MPC Development,,,,Active
Saturday,11 January 2025,MPC Development,,,,Active
Sunday,12 January 2025,MPC Development,,,,Active
Monday,13 January 2025,MPC Development,,,,Active
Tuesday,14 January 2025,MPC Development,,,,Baseline
Wednesday,15 January 2025,MPC Development,,,,Baseline
Thursday,16 January 2025,MPC Development,,,,Baseline
Friday,17 January 2025,MPC Development,,,,Baseline
Saturday,18 January 2025,MPC Development,,,,Baseline
Sunday,19 January 2025,MPC Development,,,,Baseline
Monday,20 January 2025,MPC Development,,,,MPC
Tuesday,21 January 2025,MPC Development,,,,MPC
Wednesday,22 January 2025,MPC Development,,,,MPC
Thursday,23 January 2025,MPC Development,,,,MPC
Friday,24 January 2025,MPC Development,,,,MPC
Saturday,25 January 2025,MPC Development,,,,Active
Sunday,26 January 2025,MPC Development,,,,Active
Monday,27 January 2025,MPC Development,,,,Active
Tuesday,28 January 2025,MPC Development,,,,Active
Wednesday,29 January 2025,MPC Development,,,,Active
Thursday,30 January 2025,MPC Development,,,,Active
Friday,31 January 2025,MPC Development,,,,Active
Saturday,1 February 2025,MPC Development,,,,Active
Sunday,2 February 2025,MPC Development,,,,Active
Monday,3 February 2025,MPC Development,,,,Active
Tuesday,4 February 2025,MPC Development,,,,Active
Wednesday,5 February 2025,MPC Development,,,,Active
Thursday,6 February 2025,MPC Development,,,,Active
Friday,7 February 2025,MPC Development,,,,Active
Saturday,8 February 2025,MPC Development,,,,Active
Sunday,9 February 2025,MPC Development,,,,Active
Monday,10 February 2025,MPC Development,,,,MPC
Tuesday,11 February 2025,MPC Development,,,,MPC
Wednesday,12 February 2025,MPC Development,,,,MPC
Thursday,13 February 2025,MPC Development,,,,MPC
Friday,14 February 2025,MPC Development,,,,MPC
Saturday,15 February 2025,MPC Development,,,,MPC
Sunday,16 February 2025,MPC Development,,,,MPC
Monday,17 February 2025,MPC Development,,,,Active
Tuesday,18 February 2025,MPC Development,,,,Active
Wednesday,19 February 2025,MPC Development,,,,Active
Thursday,20 February 2025,MPC Development,,,,Active
Friday,21 February 2025,MPC Development,,,,Active
Saturday,22 February 2025,MPC Development,,,,Active
Sunday,23 February 2025,MPC Development,,,,Active
Monday,24 February 2025,MPC Development,,,,MPC
Tuesday,25 February 2025,MPC Development,,,,MPC
Wednesday,26 February 2025,MPC Development,,,,MPC
Thursday,27 February 2025,MPC Development,,,,MPC
Friday,28 February 2025,MPC Development,,,,MPC
Saturday,1 March 2025,MPC Development,,,,MPC
Sunday,2 March 2025,MPC Development,,,,MPC
Monday,3 March 2025,MPC Development,,,,Active
Tuesday,4 March 2025,MPC Development,,,,Active
Wednesday,5 March 2025,MPC Development,,,,Active
Thursday,6 March 2025,MPC Development,,,,Active
Friday,7 March 2025,MPC Development,,,,Active
Saturday,8 March 2025,MPC Development,,,,Active
Sunday,9 March 2025,MPC Development,,,,Active
Monday,10 March 2025,MPC Development,,,,MPC
Tuesday,11 March 2025,MPC Development,,,,MPC
Wednesday,12 March 2025,MPC Development,,,,MPC
Thursday,13 March 2025,MPC Development,,,,MPC
Friday,14 March 2025,MPC Development,,,,MPC
Saturday,15 March 2025,MPC Development,,,,MPC
Sunday,16 March 2025,MPC Development,,,,MPC
Monday,17 March 2025,MPC Development,,,,Active
Tuesday,18 March 2025,MPC Development,,,,Active
Wednesday,19 March 2025,MPC Development,,,,Active
Thursday,20 March 2025,MPC Development,,,,Active
Friday,21 March 2025,MPC Development,,,,Active
Saturday,22 March 2025,MPC Development,,,,Active
Sunday,23 March 2025,MPC Development,,,,Active
Monday,24 March 2025,MPC Development,,,,MPC
Tuesday,25 March 2025,MPC Development,,,,MPC
Wednesday,26 March 2025,MPC Development,,,,MPC
Thursday,27 March 2025,MPC Development,,,,MPC
Friday,28 March 2025,MPC Development,,,,MPC
Saturday,29 March 2025,MPC Development,,,,MPC
Sunday,30 March 2025,MPC Development,,,,MPC
Monday,31 March 2025,MPC Development,,,,MPC
Tuesday,1 April 2025,MPC Development,,,,Active
Wednesday,2 April 2025,MPC Development,,,,MPC
Thursday,3 April 2025,MPC Development,,,,Active
Friday,4 April 2025,MPC Development,,,,MPC
Saturday,5 April 2025,MPC Development,,,,Active
Sunday,6 April 2025,MPC Development,,,,
Monday,7 April 2025,MPC Development,,,,MPC
Tuesday,8 April 2025,MPC Development,,,,Active
Wednesday,9 April 2025,MPC Development,,,,MPC
Thursday,10 April 2025,MPC Development,,,,Active
Friday,11 April 2025,MPC Development,,,,MPC
Saturday,12 April 2025,MPC Development,,,,Active
Sunday,13 April 2025,MPC Development,,,,
Monday,14 April 2025,MPC Development,,,,Active
Tuesday,15 April 2025,MPC Development,,,,MPC
Wednesday,16 April 2025,MPC Development,,,,Active
Thursday,17 April 2025,MPC Development,,,,MPC
Friday,18 April 2025,MPC Development,,,,Active
Saturday,19 April 2025,MPC Development,,,,MPC
Sunday,20 April 2025,MPC Development,,,,
Monday,21 April 2025,MPC Development,,,,MPC
Tuesday,22 April 2025,MPC Development,,,,Active
Wednesday,23 April 2025,MPC Development,,,,MPC
Thursday,24 April 2025,MPC Development,,,,Active
Friday,25 April 2025,MPC Development,,,,MPC
Saturday,26 April 2025,MPC Development,,,,Active
Sunday,27 April 2025,MPC Development,,,,
Monday,28 April 2025,MPC Development,,,,Active
Tuesday,29 April 2025,MPC Development,,,,MPC
Wednesday,30 April 2025,MPC Development,,,,Active
Thursday,1 May 2025,MPC Development,,,,MPC
Friday,2 May 2025,MPC Development,,,,Active
Saturday,3 May 2025,MPC Development,,,,MPC
Sunday,4 May 2025,MPC Development,,,,
Monday,5 May 2025,MPC Development,,,,MPC
Tuesday,6 May 2025,MPC Development,,,,Active
Wednesday,7 May 2025,MPC Development,,,,MPC
Thursday,8 May 2025,MPC Development,,,,Active
Friday,9 May 2025,MPC Development,,,,MPC
Saturday,10 May 2025,MPC Development,,,,Active
Sunday,11 May 2025,MPC Development,,,,
Monday,12 May 2025,MPC Development,,,,Active
Tuesday,13 May 2025,MPC Development,,,,MPC
Wednesday,14 May 2025,MPC Development,,,,Active
Thursday,15 May 2025,MPC Development,,,,MPC
Friday,16 May 2025,MPC Development,,,,Active
Saturday,17 May 2025,MPC Development,,,,MPC
Sunday,18 May 2025,MPC Development,,,,
Monday,19 May 2025,MPC Development,,,,MPC
Tuesday,20 May 2025,MPC Development,,,,Active
Wednesday,21 May 2025,MPC Development,,,,MPC
Thursday,22 May 2025,MPC Development,,,,Active
Friday,23 May 2025,MPC Development,,,,MPC
Saturday,24 May 2025,MPC Development,,,,Active
Sunday,25 May 2025,MPC Development,,,,
Monday,26 May 2025,MPC Development,,,,Active
Tuesday,27 May 2025,MPC Development,,,,MPC
Wednesday,28 May 2025,MPC Development,,,,Active
Thursday,29 May 2025,MPC Development,,,,MPC
Friday,30 May 2025,MPC Development,,,,Active
Saturday,31 May 2025,MPC Development,,,,MPC
Sunday,1 June 2025,MPC Development,,,,
,,,,,,
,,,,,,
,,,,,,
,,,,,,
,,,,,,
,,,,,,
,,,,,,
,,,,,,
,,,,,,
,,,,,,
,,,,,,
,,,,,,
,,,,,,
,,,,,,
,,,,,,
,,,,,,
,,,,,,
,,,,,,